level,type,prompt,answer,source,license
A2,scramble,January day in begins same week additionally on the of always the as and years July April leap,"April always begins on the same day of the week as July, and additionally, January in leap years.",simplewiki,CC BY-SA
A2,scramble,month in the an Hemisphere April spring the is Hemisphere Southern a autumn fall Northern in and month,April is a spring month in the Northern Hemisphere and an autumn/fall month in the Southern Hemisphere.,simplewiki,CC BY-SA
A2,scramble,equivalent hemisphere in of it other October is In seasonal each the the,"In each hemisphere, it is the seasonal equivalent of October in the other.",simplewiki,CC BY-SA
A2,scramble,It name where is as to unclear got April its,It is unclear as to where April got its name.,simplewiki,CC BY-SA
A2,scramble,are Quite month in few festivals this held a,Quite a few festivals are held in this month.,simplewiki,CC BY-SA
A2,scramble,In 4 between April 8 Christianity May can Orthodox it and fall,"In Orthodox Christianity, it can fall between April 4 and May 8.",simplewiki,CC BY-SA
A2,scramble,April use of Poets to winter mean the end,"Poets use ""April"" to mean the end of winter.",simplewiki,CC BY-SA
A2,scramble,April showers flowers For bring May example,"For example: ""April showers bring May flowers.""",simplewiki,CC BY-SA
A2,scramble,two 31 The the when calendar because BC added has Julius Julian in he 45 days days Caesar month created,The month has 31 days because Julius Caesar added two days when he created the Julian calendar in 45 BC.,simplewiki,CC BY-SA
A2,scramble,August February seasonal hemisphere of in is equivalent other the in either the,"August, in either hemisphere, is the seasonal equivalent of February in the other.",simplewiki,CC BY-SA
A2,scramble,month is winter In the Northern and is hemisphere summer hemisphere in it the a it a Southern month,In the Northern hemisphere it is a summer month and it is a winter month in the Southern hemisphere.,simplewiki,CC BY-SA
A2,scramble,Some exciting informative find art relaxing people or,"Some people find art relaxing, exciting or informative.",simplewiki,CC BY-SA
A2,scramble,is an Art visually can or be expressed also a Idea that concept,Art can also be an Idea or a concept that is expressed visually.,simplewiki,CC BY-SA
A2,scramble,India In dance painting and were and done sculptures religious painted Tibet,"In India and Tibet, painted sculptures, dance, and religious painting were done.",simplewiki,CC BY-SA
A2,scramble,are the Chinese many are There styles which usually dynasty named after ruling artistic,"There are many Chinese artistic styles, which are usually named after the ruling dynasty.",simplewiki,CC BY-SA
A2,scramble,aims in activity dislike like human they What did,What aims did they like/dislike in human activity?,simplewiki,CC BY-SA
A2,scramble,letter first A of the the English alphabet is,A is the first letter of the English alphabet.,simplewiki,CC BY-SA
A2,scramble,the alphabet Greek of to A similar Alpha is,A is similar to Alpha of the Greek alphabet.,simplewiki,CC BY-SA
A2,scramble,Alpha from the end and Greek the beginning Omega means of last the to letter alphabet,"""Alpha and Omega"" (the last letter of the Greek alphabet) means from beginning to the end.",simplewiki,CC BY-SA
A2,scramble,Greeks their letter and used as alpha letter this later it The modified,The Greeks later modified this letter and used it as their letter alpha.,simplewiki,CC BY-SA
A2,scramble,to segments etc lines used are label line,"are used to label line segments, lines, etc.",simplewiki,CC BY-SA
A2,scramble,one of as A an Also to the a triangle used in is letters angle typically label,"Also, A is typically used as one of the letters to label an angle in a triangle.",simplewiki,CC BY-SA
A2,scramble,gases and particles a many mixture of is tiny Air dust,Air is a mixture of many gases and tiny dust particles.,simplewiki,CC BY-SA
A2,scramble,atmospheric The pressure creates of weight air,The weight of air creates atmospheric pressure.,simplewiki,CC BY-SA
A2,scramble,the the lungs oxygen send and dioxide the to In air put blood back breathing carbon into,"In breathing, the lungs put oxygen into the blood, and send back carbon dioxide to the air.",simplewiki,CC BY-SA
A2,scramble,dioxide to in need the carbon Plants live air the,Plants need the carbon dioxide in the air to live.,simplewiki,CC BY-SA
A2,scramble,first At hydrogen mainly was a it atmosphere,At first it was mainly a hydrogen atmosphere.,simplewiki,CC BY-SA
A2,scramble,divided called autonomous is Spain communities in parts 17,Spain is divided in 17 parts called autonomous communities.,simplewiki,CC BY-SA
A2,scramble,means judicial of powers Autonomous and each own its autonomous these executive has communities legislative that,"""Autonomous"" means that each of these autonomous communities has its own executive, legislative, and judicial powers.",simplewiki,CC BY-SA
A2,scramble,together communities autonomous parts the making these 1978 In came,"In 1978 these parts came together, making the autonomous communities.",simplewiki,CC BY-SA
A2,scramble,and University studied Princeton University Later Cambridge he at,"Later, he studied at Cambridge University and Princeton University.",simplewiki,CC BY-SA
A2,scramble,his was choose between to taking hormones had or and sex drive convicted reduce to prison He,He was convicted and had to choose between prison or taking hormones to reduce his sex drive.,simplewiki,CC BY-SA
A2,scramble,say Some poisoned the a never was apple he but tested apple ate,"Some say he ate a poisoned apple, but the apple was never tested.",simplewiki,CC BY-SA
A2,scramble,In Queen gave royal pardon Elizabeth 2013 a him II,"In 2013, Queen Elizabeth II gave him a royal pardon.",simplewiki,CC BY-SA
A2,scramble,brother a Chad has who is Wade than she younger older She and an minutes brother 12 twin is,"She has an older brother, Chad, and a twin brother, Wade, who is 12 minutes younger than she is.",simplewiki,CC BY-SA
A2,scramble,the products Adobe the with works name with It well of rest the,It works well with the rest of the products with the Adobe name.,simplewiki,CC BY-SA
A2,scramble,by help Wikipedia can You to adding it,"You can help Wikipedia by [ adding to it]"".",simplewiki,CC BY-SA
A2,scramble,help by it adding Wikipedia You can to,"You can help Wikipedia by [ adding to it]"".",simplewiki,CC BY-SA
A2,scramble,the called in Turkey Lebanon Israel Jordan Fertile Crescent Egypt of Syria now The is area Iraq countries and,"The area called Fertile Crescent is now in the countries of Iraq, Syria, Turkey, Jordan, Lebanon, Israel, and Egypt.",simplewiki,CC BY-SA
A2,scramble,the from were taken horses to the including Americas Old and goats Livestock cattle World sheep,"Livestock including horses, cattle, sheep, and goats were taken to the Americas, from the Old World.",simplewiki,CC BY-SA
A2,scramble,from few still planting gathered agriculture People crops the wild probably foods by a started but many,"People probably started agriculture by planting a few crops, but still gathered many foods from the wild.",simplewiki,CC BY-SA
A2,scramble,better with yield and nutritional select Farmers plants value taste,"Farmers select plants with better yield, taste, and nutritional value.",simplewiki,CC BY-SA
A2,scramble,easier They and drought to and plant that plants also choose survive disease harvest can are,"They also choose plants that can survive plant disease and drought, and are easier to harvest.",simplewiki,CC BY-SA
A2,scramble,is livestock that If are used make eat meat production to for people to they,"If they are used to make meat for people to eat, that is livestock production.",simplewiki,CC BY-SA
A2,scramble,milk animals Non cows for chickens their producing such as and meat kept are egg produce,"Non-meat animals, such as milk cows and egg-producing chickens, are kept for their produce.",simplewiki,CC BY-SA
A2,scramble,cows range much Goats eat a of plants than wider,Goats eat a much wider range of plants than cows.,simplewiki,CC BY-SA
A2,scramble,the choice a some goats makes sensible for than world In parts cows more a that of farmer,"In some parts of the world, that makes goats a more sensible choice for a farmer than cows.",simplewiki,CC BY-SA
A2,scramble,Other is say environment damaging intensive agriculture the people,Other people say intensive agriculture is damaging the environment.,simplewiki,CC BY-SA
A2,scramble,small Positioning System computer reason it Computers do is a more inside which Global have one quickly receivers can,"Computers can do it more quickly, which is one reason Global Positioning System receivers have a small computer inside.",simplewiki,CC BY-SA
A2,scramble,can it Wikipedia by You help adding to,"You can help Wikipedia by [ adding to it]"".",simplewiki,CC BY-SA
A2,scramble,one other has the 2 shapes are them objects of while 3 The has group various where,"The objects are various shapes, where one group has 3 of them while the other has 2.",simplewiki,CC BY-SA
A2,scramble,the of 5 one sum amount become two combine into groups the shapes the overall When,"When the two groups combine into one, the overall amount (sum) of the shapes become 5.",simplewiki,CC BY-SA
A2,scramble,animation six sixty demonstrates eighty hundred the above hundred The addition seven of four and seven,The animation above demonstrates the addition of seven hundred eighty six and four hundred sixty seven.,simplewiki,CC BY-SA
A2,scramble,and separated The s units see tens Place into hundreds digits have value been problem,"The problem's digits have been separated into units, tens and hundreds (see Place value).",simplewiki,CC BY-SA
A2,scramble,house his between to know Sally s the and Tom house wants distance,Tom wants to know the distance between his house and Sally's house.,simplewiki,CC BY-SA
A2,scramble,formula_6 Sally the to east m is Hence of s s house 420 Tom house,formula_6 Hence Sally's house is 420 m to the east of Tom's house.,simplewiki,CC BY-SA
A2,scramble,is Its and Sydney is its city Canberra largest capital city,"Its capital city is Canberra, and its largest city is Sydney.",simplewiki,CC BY-SA
A2,scramble,Australia known and for is iron diamonds crystals gold mining coal its,"Australia is known for its mining (coal, iron, gold, diamonds and crystals).",simplewiki,CC BY-SA
A2,scramble,first Barton Australia The Prime 1901 Edmund of in was Minister,The first Prime Minister of Australia was Edmund Barton in 1901.,simplewiki,CC BY-SA
A2,scramble,mainland territories has Australia states six minor other territories major and two,"Australia has six states, two major mainland territories, and other minor territories.",simplewiki,CC BY-SA
A2,scramble,which nation city also is capital The largest s the inland Canberra is,"The largest inland city is Canberra, which is also the nation's capital.",simplewiki,CC BY-SA
A2,scramble,of more balanced the than a The mainland island much climate Tasmania state has of,The island state of Tasmania has a more balanced climate than much of the mainland.,simplewiki,CC BY-SA
A2,scramble,the Perth Darwin and are cities the All except of country capital east in south the,All the capital cities except Perth and Darwin are in the south-east of the country.,simplewiki,CC BY-SA
A2,scramble,the and in lived from food 1788 settlers by Aboriginal land the gathering hunting people British of the arrival Until,"Until the arrival of British settlers in 1788, the Aboriginal people lived by hunting and gathering food from the land.",simplewiki,CC BY-SA
A2,scramble,few trees grass the burn years small people Every the and would Aboriginal,Every few years the Aboriginal people would burn the grass and small trees.,simplewiki,CC BY-SA
A2,scramble,arrows people or pottery Aboriginal not did The cloth use metal and use or make weave bows or,The Aboriginal people did not use metal or make pottery or use bows and arrows or weave cloth.,simplewiki,CC BY-SA
A2,scramble,spear wood lot very that for was Australia trees of a that has have making good hard,Australia has a lot of trees that have very hard wood that was good for spear making.,simplewiki,CC BY-SA
A2,scramble,The the them people did not that land Aboriginal belonged to think,The Aboriginal people did not think that the land belonged to them.,simplewiki,CC BY-SA
A2,scramble,The of around successful it Zealand discovery they because very was found right and sailed voyage New,"The voyage of discovery was very successful, because they found New Zealand and sailed right around it.",simplewiki,CC BY-SA
A2,scramble,At was on the William mast Hicks boy up last land horizon the a spotted who,"At last, a boy, William Hicks, who was up the mast spotted land on the horizon.",simplewiki,CC BY-SA
A2,scramble,that of Point Captain land named Hicks bit Cook,Captain Cook named that bit of land Point Hicks.,simplewiki,CC BY-SA
A2,scramble,he saw land named the up They that Wales Cook sailed South coast the New and Captain,"They sailed up the coast and Captain Cook named the land that he saw ""New South Wales"".",simplewiki,CC BY-SA
A2,scramble,of people saw their the with simple Captain Cook way Aboriginal life,Captain Cook saw the Aboriginal people with their simple way of life.,simplewiki,CC BY-SA
A2,scramble,Aboriginal the people own not did that But way in the land,But the Aboriginal people did not own the land in that way.,simplewiki,CC BY-SA
A2,scramble,problem Aboriginal later for This terrible cause people the would a,This would later cause a terrible problem for the Aboriginal people.,simplewiki,CC BY-SA
A2,scramble,were Many for people crimes small hanged,Many people were hanged for small crimes.,simplewiki,CC BY-SA
A2,scramble,away sent colonies the Often America to they British in were,Often they were sent away to the British colonies in America.,simplewiki,CC BY-SA
A2,scramble,the the in became the by colonies United But 1770s States America,"But by the 1770s, the colonies in America became the United States.",simplewiki,CC BY-SA
A2,scramble,Arthur Their Phillip was leader Captain,Their leader was Captain Arthur Phillip.,simplewiki,CC BY-SA
A2,scramble,was would that probable starvation of new the It die in colony everyone,It was probable that everyone in the new colony would die of starvation.,simplewiki,CC BY-SA
A2,scramble,food hut a group for the hut supply of of the had and little another Arthur Phillip for tents Governor The,"The little group of tents had a hut for the Governor, Arthur Phillip, and another hut for the supply of food.",simplewiki,CC BY-SA
A2,scramble,a a which was barracks and still standing are hospital also convict There and a church beautiful today,There was also a hospital and a convict barracks and a beautiful church which are still standing today.,simplewiki,CC BY-SA
A2,scramble,While Tasmania in the South in growing it New was was also Wales settlement growing,"While the settlement was growing in New South Wales, it was also growing in Tasmania.",simplewiki,CC BY-SA
A2,scramble,crops easy farmers grow found to in and in Tasmania that there The was it England more climate like,"The climate in Tasmania was more like that in England, and farmers found it easy to grow crops there.",simplewiki,CC BY-SA
A2,scramble,When Blue from they the the range they settlers which mountains Sydney Mountains a looked called saw of west,"When the settlers looked west from Sydney, they saw a range of mountains which they called the Blue Mountains.",simplewiki,CC BY-SA
A2,scramble,Many well they or very explore of did explorers not time to out of else at prepare the year hottest the went,"Many of the explorers did not prepare very well, or else they went out to explore at the hottest time of year.",simplewiki,CC BY-SA
A2,scramble,as 100 years He mapped than for in he remained went maps more country the and use his,"He mapped the country as he went, and his maps remained in use for more than 100 years.",simplewiki,CC BY-SA
A2,scramble,governors colonies chosen by in by run the London The first were governments,The first governments in the colonies were run by governors chosen by London.,simplewiki,CC BY-SA
A2,scramble,and local the government settlers more wanted Soon democracy,Soon the settlers wanted local government and more democracy.,simplewiki,CC BY-SA
A2,scramble,started city people In could some councils the vote and 1840,"In 1840, the city councils started and some people could vote.",simplewiki,CC BY-SA
A2,scramble,to Victoria by Wales Tasmania Australia In South given and New limited South 1855 was self government London,"In 1855, limited self-government was given by London to New South Wales, Victoria, South Australia and Tasmania.",simplewiki,CC BY-SA
A2,scramble,a them louder were national voices getting come with But one together to all of parliament as country for,But voices were getting louder for all of them to come together as one country with a national parliament.,simplewiki,CC BY-SA
A2,scramble,not colonies by six governed Australia was was Until separate 1901 a it nation Britain,"Until 1901, Australia was not a nation, it was six separate colonies governed by Britain.",simplewiki,CC BY-SA
A2,scramble,Empire the joined in Ottoman and Germany Hungary Austria Britain against the Australia on of side,"Australia joined in on the side of Britain against Germany, Austria-Hungary and the Ottoman Empire.",simplewiki,CC BY-SA
A2,scramble,1932 opened the Harbour Bridge In was Sydney,"In 1932, the Sydney Harbour Bridge was opened.",simplewiki,CC BY-SA
A2,scramble,the Whitlam election made him changes General Governor but forced in the made sacked and an he unhappy 1975 and Senate,"Whitlam made changes, but he made the Senate unhappy and the Governor-General sacked him and forced an election in 1975.",simplewiki,CC BY-SA
A2,scramble,Malcolm a Liberal for Party elections Fraser won Then the few,Then Malcolm Fraser won a few elections for the Liberal Party.,simplewiki,CC BY-SA
A2,scramble,became In one richest the world by and Australia countries and mining wool 1950s the 1960s the in of helped,"In the 1950s and 1960s Australia became one of the richest countries in the world, helped by mining and wool.",simplewiki,CC BY-SA
A2,scramble,around In 90s movies famous Australian singers of and the 80s and lots became actors world 1970s the,"In the 1970s, 80s and 90s lots of Australian movies, actors and singers became famous around the world.",simplewiki,CC BY-SA
A2,scramble,not Australians in a Around 2010 of 4 could 5 get job,Around 4-5% of Australians could not get a job in 2010.,simplewiki,CC BY-SA
A2,scramble,is territories mainland and states made Australia of six up two,"Australia is made up of six states, and two mainland territories.",simplewiki,CC BY-SA
A2,scramble,everybody are is Christianity all religion has accepted not the a religions main though and religion,"Christianity is the main religion, though all religions are accepted and not everybody has a religion.",simplewiki,CC BY-SA
A2,scramble,in Hollywood celebrated on Flynn to went a career,Flynn went on to a celebrated career in Hollywood.,simplewiki,CC BY-SA
A2,scramble,organised age regularly part over in sporting take Australians the activities 15 23 5 of,23.5% Australians over the age of 15 regularly take part in organised sporting activities.,simplewiki,CC BY-SA
A2,scramble,in athletes of Corporate common many sponsorship and government is and sports elite Australia,Corporate and government sponsorship of many sports and elite athletes is common in Australia.,simplewiki,CC BY-SA
A2,scramble,found are only world the island on of Guinea in of or neighbouring the New marsupials on Most the continent the,Most of the marsupials in the world are found only on the continent or on the neighbouring island of New Guinea.,simplewiki,CC BY-SA
A2,scramble,trees The the as almost remarkable gum animals as are,The gum trees are almost as remarkable as the animals.,simplewiki,CC BY-SA
A2,scramble,been Africa had separated and millions Americas Asia much the They years of of from for,"They had been separated from the Americas, Africa and much of Asia for millions of years.",simplewiki,CC BY-SA
A2,scramble,spoken that dialect the English American of US English in or United English is is the States,"American English, or US English, is the dialect of English that is spoken in the United States.",simplewiki,CC BY-SA
A2,scramble,the centuries During America and in than 18th pronunciation in changed England 19th less,"During the 18th and 19th centuries, pronunciation changed less in America than in England.",simplewiki,CC BY-SA
A2,scramble,that bit are English American Regional also from are English some in words different accents There British a,There are also some words in American English that are a bit different from British English.: Regional accents.,simplewiki,CC BY-SA
A2,scramble,American Here some regional are References accents of English,Here are some regional accents of American English: References.,simplewiki,CC BY-SA
A2,scramble,practiced farming of in world been some years the thousands parts of has for Fish,"Fish farming has been practiced, in some parts of the world, for thousands of years.",simplewiki,CC BY-SA
A2,scramble,Today in the S the seafood eaten half U of,"Today, half of the seafood eaten in the U.S.",simplewiki,CC BY-SA
A2,scramble,Machines large comes Business International computer the from IBM words the company of name The,"The name of the large computer company IBM comes from the words ""International Business Machines"".",simplewiki,CC BY-SA
A2,scramble,ASAP Possible for sometimes write People Soon As As,"People sometimes write ""ASAP"" for ""As Soon As Possible"".",simplewiki,CC BY-SA
A2,scramble,spirits commands God s obey Angels powerful are that,Angels are powerful spirits that obey God's commands.,simplewiki,CC BY-SA
A2,scramble,In an Exodus burn bush a Angel makes but to fire the Book bush of and t comes doesn a the,"In the Book of Exodus, an Angel comes to a bush and makes a fire but the bush doesn't burn.",simplewiki,CC BY-SA
A2,scramble,sees this he and Bush to God him to When speak the hears he close Moses comes,"When Moses sees this, he comes close to the Bush and he hears God speak to him.",simplewiki,CC BY-SA
A2,scramble,the The an that The from Zechariah defending Satan when sees Priest did Priest Satan Angel says thing bad the a,Zechariah sees an Angel defending the Priest from The Satan when The Satan says that the Priest did a bad thing.,simplewiki,CC BY-SA
A2,scramble,Satan make Book God curse The with and he the of God bets that meet God the Job Daniel Job In Angels can all,"In the Book of Job, all the Angels meet with God and The Satan bets God that he can make Job curse God Daniel.",simplewiki,CC BY-SA
A2,scramble,Gabriel and Chronicles also Angels Michael named being mentions Daniel,Daniel also mentions Angels being named Michael and Gabriel Chronicles.,simplewiki,CC BY-SA
A2,scramble,of In David to census Satan gets The his to Books Chronicles want the have King,"In the Books of Chronicles, The Satan gets King David to want to have his census.",simplewiki,CC BY-SA
A2,scramble,he He said as has just He here risen is not,"He is not here; he has risen, just as He said"".",simplewiki,CC BY-SA
A2,scramble,by from created are angels Judaism fire God In,In Judaism angels are created by God from fire.,simplewiki,CC BY-SA
A2,scramble,messages is humans angels most among and Some them prophets Gabriel famous deliver to,"Some angels deliver messages to humans and prophets, most famous among them is Gabriel.",simplewiki,CC BY-SA
A2,scramble,God on don heaven Some to earth angels example dwell in have task a praise but for t,"Some angels don't have a task on earth, but dwell in heaven, for example, to praise God.",simplewiki,CC BY-SA
A2,scramble,For people example angels not punish hell demons God to in orders,"For example, God orders angels to punish people in hell, not demons.",simplewiki,CC BY-SA
A2,scramble,They are halo in having a shown as often art wings and,They are often shown in art as having wings and a halo.,simplewiki,CC BY-SA
A2,scramble,is that of appearances communicate through angels repetitive It numbers with believed humans,It is believed that angels communicate with humans through repetitive appearances of numbers.,simplewiki,CC BY-SA
A2,scramble,your and convincing of science is people ideas of speaking other well Rhetoric the,"Rhetoric is the science of speaking well, and convincing other people of your ideas.",simplewiki,CC BY-SA
A2,scramble,the which from comes human term Latin homo The word means,"The term comes from the Latin word ""homo"", which means human.",simplewiki,CC BY-SA
A2,scramble,about not Americas did the the Christopher he Columbus know When explored area,"When Christopher Columbus explored the area, he did not know about the Americas.",simplewiki,CC BY-SA
A2,scramble,one and Others cities kingdoms lived place and in built,Others lived in one place and built cities and kingdoms.,simplewiki,CC BY-SA
A2,scramble,Americans came the European Americas to settlers died the Many after Native,Many Native Americans died after the European settlers came to the Americas.,simplewiki,CC BY-SA
A2,scramble,diseases One Europeans the but Americans new with to Native is were that reason the came,One reason is that diseases came with the Europeans but were new to the Native Americans.,simplewiki,CC BY-SA
A2,scramble,battles the There with also Europeans were,There were also battles with the Europeans.,simplewiki,CC BY-SA
A2,scramble,to lands forced hurt took homes or people Many settlers killed leave native their were who their by,"Many native people were hurt, killed, or forced to leave their homes by settlers, who took their lands.",simplewiki,CC BY-SA
A2,scramble,Americas Native The Americans to came the from of Asia ancestors,The ancestors of Native Americans came to the Americas from Asia.,simplewiki,CC BY-SA
A2,scramble,American can by The region tribes grouped own together have be their which cultures Native,"The Native American tribes have their own cultures, which can be grouped together by region.",simplewiki,CC BY-SA
A2,scramble,Native Americans Before came many practiced Europeans different religions the,"Before Europeans came, the Native Americans practiced many different religions.",simplewiki,CC BY-SA
A2,scramble,Europeans to the brought religion Many Americans Native a Christianity Americas that practice by now was,"Many Native Americans now practice Christianity, a religion that was brought to the Americas by Europeans.",simplewiki,CC BY-SA
A2,scramble,own meanwhile their religions still Others practice,"Others, meanwhile, still practice their own religions.",simplewiki,CC BY-SA
A2,scramble,of writing had languages before Europeans these Some systems came,Some of these languages had writing systems before Europeans came.,simplewiki,CC BY-SA
A2,scramble,United They through spread are States the evenly out not,They are not evenly spread out through the United States.,simplewiki,CC BY-SA
A2,scramble,About on 28 Native reservations Americans of live Indian,About 28% of Native Americans live on Indian reservations.,simplewiki,CC BY-SA
A2,scramble,Native the About 40 as of people of identify American Guatemala,About 40% of the people of Guatemala identify as Native American.,simplewiki,CC BY-SA
A2,scramble,the the Maya groups of descendants are in country Many indigenous,Many indigenous groups in the country are descendants of the Maya.,simplewiki,CC BY-SA
A2,scramble,Guatemala in Americans poor Many are Native,Many Native Americans in Guatemala are poor.,simplewiki,CC BY-SA
A2,scramble,groups Most Bolivia belong in to people indigenous,Most people in Bolivia belong to indigenous groups.,simplewiki,CC BY-SA
A2,scramble,juicy fruit or trees an of green a known for apple is An red number fruit its of edible,"An apple is an edible fruit of a number of trees, known for its juicy green or red fruit.",simplewiki,CC BY-SA
A2,scramble,in continent Apples thousands been in for grown years of European have and Asia,Apples have been grown for thousands of years in Asia and in European continent.,simplewiki,CC BY-SA
A2,scramble,Colonial brought by settlers They North World European were to America,They were brought to North America by European World Colonial settlers.,simplewiki,CC BY-SA
A2,scramble,known than a 10 more range of of characteristics are 000 There apples variants with desired,"There are more than 10,000 known variants of apples, with a range of desired characteristics.",simplewiki,CC BY-SA
A2,scramble,addition been to it they only crushed to be but that comes in ve fatal In can the food if seeds apples when toxicity,"In addition to that, when it comes to food toxicity, the seeds in apples can be fatal, but only if they've been crushed.",simplewiki,CC BY-SA
A2,scramble,production 8 apples in 2013 was 90 tonnes million Worldwide of,Worldwide production of apples in 2013 was 90.8 million tonnes.,simplewiki,CC BY-SA
A2,scramble,the cultivated The tree be possibly to tree was apple earliest,The apple tree was possibly the earliest tree to be cultivated.,simplewiki,CC BY-SA
A2,scramble,winter of and as years for thousands an used Asia apples food have Europe important,Asia and Europe have used winter apples as an important food for thousands of years.,simplewiki,CC BY-SA
A2,scramble,States have as arrived the Europeans United and well as food From apples Argentina when used,"From when Europeans arrived, Argentina and the United States have used apples as food as well.",simplewiki,CC BY-SA
A2,scramble,continent Boston to near orchard first American The 1625 apple the North be on in was said,The first apple orchard on the North American continent was said to be near Boston in 1625.,simplewiki,CC BY-SA
A2,scramble,very was costly where apple the In important the developing began 1900s a species industries fruit,"In the 1900s, costly fruit industries, where the apple was a very important species, began developing.",simplewiki,CC BY-SA
A2,scramble,ship of in Oseberg were discovered out apples place that for in the buckets Norway points of burial She the,She points out that buckets of apples were discovered in the place of burial for the Oseberg ship in Norway.,simplewiki,CC BY-SA
A2,scramble,symbolic meaning suggests had that have this She may a,She suggests that this may have had a symbolic meaning.,simplewiki,CC BY-SA
A2,scramble,a Nuts in of fertility still England are Southwest symbol,Nuts are still a symbol of fertility in Southwest England.,simplewiki,CC BY-SA
A2,scramble,apples cooked are Sometimes after eaten are they,Sometimes apples are eaten after they are cooked.,simplewiki,CC BY-SA
A2,scramble,and apples Apple are made cider apples with drinks juice,Apple juice and apples cider are drinks made with apples.,simplewiki,CC BY-SA
A2,scramble,anywhere fruit The taste sweet with flesh a of to from the sour is firm,The flesh of the fruit is firm with a taste anywhere from sour to sweet.,simplewiki,CC BY-SA
A2,scramble,not apples kinds apple also many are pie raw and are of cooked used Most to such good eat as baked in foods,"Most apples are good to eat raw (not cooked), and are also used in many kinds of baked foods, such as apple pie.",simplewiki,CC BY-SA
A2,scramble,soft are to Apples sauce apple until they make are cooked,Apples are cooked until they are soft to make apple sauce.,simplewiki,CC BY-SA
A2,scramble,Apples cider are apple into made juice drinks and also the,Apples are also made into the drinks apple juice and cider.,simplewiki,CC BY-SA
A2,scramble,as as a Usually much contains little about alcohol cider beer,"Usually, cider contains a little alcohol, about as much as beer.",simplewiki,CC BY-SA
A2,scramble,planting would This or would the which tree two from be of a hybrid grow a mixture means that,"This means that the tree which would grow from planting would be a mixture of two, or a hybrid.",simplewiki,CC BY-SA
A2,scramble,will the tree The of create grows type apples needed that,The tree that grows will create apples of the type needed.,simplewiki,CC BY-SA
A2,scramble,more apples 500 than 7 known There are variants of,"There are more than 7,500 known variants of apples.",simplewiki,CC BY-SA
A2,scramble,is England in apple variants Fruit over large at collection of 100 Collection National 2 the One,"One large collection of over 2,100 apple variants is at the National Fruit Collection in England.",simplewiki,CC BY-SA
A2,scramble,are dessert for variants grown apples fresh Most eating these of,Most of these variants are grown for eating fresh (dessert apples).,simplewiki,CC BY-SA
A2,scramble,are making grown for cider or simply some cooking However,"However, some are grown simply for cooking or making cider.",simplewiki,CC BY-SA
A2,scramble,a give cannot flavor dessert they rich apples that cider However,"However, they give cider a rich flavor that dessert apples cannot.",simplewiki,CC BY-SA
A2,scramble,needed disease also Red Delicious are easy and skin resistance shape Colorful apple popular shipping flavor,"Colorful skin, easy shipping, disease resistance, 'Red Delicious' apple shape, and popular flavor are also needed.",simplewiki,CC BY-SA
A2,scramble,tastes in is become different because have popular apples This,This is because popular tastes in apples have become different.,simplewiki,CC BY-SA
A2,scramble,apples Americans sweet enjoy Most Europeans and North,Most North Americans and Europeans enjoy sweet apples.,simplewiki,CC BY-SA
A2,scramble,apples popular in hardly are India sweet acid any with and Extremely Asia taste,Extremely sweet apples with hardly any acid taste are popular in Asia and India.,simplewiki,CC BY-SA
A2,scramble,more China half produces apples of commercially than all grown,China produces more than half of all commercially grown apples.,simplewiki,CC BY-SA
A2,scramble,produced 44 China 066 metric 2021 000 2020 In tons,"In 2020/2021, China produced 44,066,000 metric tons.",simplewiki,CC BY-SA
A2,scramble,tons was Total 522 world 000 production 80 metric,"Total world production was 80,522,000 metric tons.",simplewiki,CC BY-SA
A2,scramble,are there 3000 about Kingdom apples of In the United different types,In the United Kingdom there are about 3000 different types of apples.,simplewiki,CC BY-SA
A2,scramble,rare Organizations teach fruit such about people and varieties importance Ground of Common local of as the,Organizations such as Common Ground teach people about the importance of rare and local varieties of fruit.,simplewiki,CC BY-SA
A2,scramble,varieties including of Family apples many There different are,"There are many different varieties of apples, including Family.",simplewiki,CC BY-SA
A2,scramble,yet can not that known a variables or uses represent to replaced is be It value with any value,It uses variables to represent a value that is not yet known or can be replaced with any value.,simplewiki,CC BY-SA
A2,scramble,used equals an this is an called is sign equation When,"When an equals sign (=) is used, this is called an equation.",simplewiki,CC BY-SA
A2,scramble,or this be also five In said formula_2 equals that example formula_3 it could,"In this example, formula_2, or it could also be said that ""formula_3 equals five"".",simplewiki,CC BY-SA
A2,scramble,input graphs always often one because This turns it one is making in into output used,This is often used in making graphs because it always turns one input into one output.,simplewiki,CC BY-SA
A2,scramble,computer that algebra programming and Physics the time areas engineering are use all,"Physics, engineering and computer programming are areas that use algebra all the time.",simplewiki,CC BY-SA
A2,scramble,numbers mathematical operations use of numbers used rules algebra People on do who and the,People who do algebra use the rules of numbers and mathematical operations used on numbers.,simplewiki,CC BY-SA
A2,scramble,Algebra the then given The name book was,"The book was then given the name ""Algebra"".",simplewiki,CC BY-SA
A2,scramble,phone cell a for a finding a the cure or require designing as disease algebra building Problems such all freeway,"Problems such as building a freeway, designing a cell phone, or finding the cure for a disease all require algebra.",simplewiki,CC BY-SA
A2,scramble,number front a variable in the of formula_49 we simply a multiply number the algebra can letter and When in we write,"When we multiply a number and a variable in algebra, we can simply write the number in front of the letter: formula_49.",simplewiki,CC BY-SA
A2,scramble,letters As or in have you side do formula_3 note algebra the not formula_22 to a use,"As a side note, you do not have to use the letters formula_3 or formula_22 in algebra.",simplewiki,CC BY-SA
A2,scramble,be equations graphs tools to using When the in study solutions helping powerful can functions to us,"When using functions, graphs can be powerful tools in helping us to study the solutions to equations.",simplewiki,CC BY-SA
A2,scramble,all values A that true picture the is variables equation that the inequality the shows graph of a or make,A graph is a picture that shows all the values of the variables that make the equation or inequality true.,simplewiki,CC BY-SA
A2,scramble,or variables easy to make there Usually only two one when this is are,Usually this is easy to make when there are only one or two variables.,simplewiki,CC BY-SA
A2,scramble,to the line This of formula each on the applies where graph coordinates point is a written formula_61,"This formula applies to the coordinates of a graph, where each point on the line is written formula_61.",simplewiki,CC BY-SA
A2,scramble,can that In be for there few of are used a algebra further understanding rules equations,"In algebra, there are a few rules that can be used for further understanding of equations.",simplewiki,CC BY-SA
A2,scramble,that be rules two will going reflect on the Before to given definitions on,"Before going on to the rules, reflect on two definitions that will be given.",simplewiki,CC BY-SA
A2,scramble,the so sum exists words there numbers In an variable the two operation of equals other it that of,"In other words, there exists an operation of two numbers so that it equals the variable of the sum.",simplewiki,CC BY-SA
A2,scramble,matrix many equations to a to solve use how includes This at linear once,This includes how to use a matrix to solve many linear equations at once.,simplewiki,CC BY-SA
A2,scramble,piece small of An atom matter an extremely is,An atom is an extremely small piece of matter.,simplewiki,CC BY-SA
A2,scramble,that is atoms mass everything of has made normal matter All,All normal matter – everything that has mass – is made of atoms.,simplewiki,CC BY-SA
A2,scramble,elements of atoms 100 called are chemical There kinds over different,"There are over 100 different kinds of atoms, called chemical elements.",simplewiki,CC BY-SA
A2,scramble,size very their are exact but small on depends the Atoms type,"Atoms are very small, but their exact size depends on the type.",simplewiki,CC BY-SA
A2,scramble,see tools impossible special makes This one without atom to,This makes one atom impossible to see without special tools.,simplewiki,CC BY-SA
A2,scramble,nucleus called the of the the are in middle atom These,"These are in the middle of the atom, called the nucleus.",simplewiki,CC BY-SA
A2,scramble,them around electrons Lightweight quickly move,Lightweight electrons move quickly around them.,simplewiki,CC BY-SA
A2,scramble,electromagnetic and together electrons nucleus holds the force The,The electromagnetic force holds the nucleus and electrons together.,simplewiki,CC BY-SA
A2,scramble,an electric electrons it less If or an has ion has is charge protons and than more atom called an,"If an atom has more or less electrons than protons, it is called an ion, and has an electric charge.",simplewiki,CC BY-SA
A2,scramble,than made of of more are Many one atom things kind,Many things are made of more than one kind of atom.,simplewiki,CC BY-SA
A2,scramble,by called bonds is A chemical molecule connected a atoms group of,A group of atoms connected by chemical bonds is called a molecule.,simplewiki,CC BY-SA
A2,scramble,water one oxygen two example molecule For is atom of hydrogen a made atoms and,"For example, a water molecule is made of two hydrogen atoms and one oxygen atom.",simplewiki,CC BY-SA
A2,scramble,are weak Atoms too if hold them forces split together the to inside,Atoms split if the forces inside are too weak to hold them together.,simplewiki,CC BY-SA
A2,scramble,can inside at such very also join as larger atoms to a Atoms star temperatures high make,"Atoms can also join to make larger atoms at very high temperatures, such as inside a star.",simplewiki,CC BY-SA
A2,scramble,radioactive are on atoms not Most Earth,Most atoms on Earth are not radioactive.,simplewiki,CC BY-SA
A2,scramble,or another are kind They atom of into destroyed rarely made changed,"They are rarely made, destroyed, or changed into another kind of atom.",simplewiki,CC BY-SA
A2,scramble,could of pieces which made into not atoms was thought that smaller be He divided particles everything called,"He thought that everything was made of particles called atoms, which could not be divided into smaller pieces.",simplewiki,CC BY-SA
A2,scramble,called of solid tiny Dalton suggested 1803 atoms elements were In made that philosopher English balls John,"In 1803, English philosopher John Dalton suggested that elements were made of tiny, solid balls called atoms.",simplewiki,CC BY-SA
A2,scramble,mass all Dalton same have the of same believed atoms that the element,Dalton believed that all atoms of the same element have the same mass.,simplewiki,CC BY-SA
A2,scramble,when atoms are He that more formed combine element of than said compounds one,He said that compounds are formed when atoms of more than one element combine.,simplewiki,CC BY-SA
A2,scramble,the would compound numbers In atoms in always combine the one any same,"In any one compound, the atoms would always combine in the same numbers.",simplewiki,CC BY-SA
A2,scramble,patterns s Dalton Brown used atomic moved theory in describe how they to,Brown used Dalton's atomic theory to describe patterns in how they moved.,simplewiki,CC BY-SA
A2,scramble,he atoms real doing are this without question proved that By,"By doing this, he proved that atoms are real without question.",simplewiki,CC BY-SA
A2,scramble,gases have are that or these no color elements smell All,All these elements are gases that have no color or smell.,simplewiki,CC BY-SA
A2,scramble,they cannot form compounds atoms other to Also with combine,"Also, they cannot combine with other atoms to form compounds.",simplewiki,CC BY-SA
A2,scramble,Thomson the to person electrons was first discover,Thomson was the first person to discover electrons.,simplewiki,CC BY-SA
A2,scramble,a positive learned and rest the of charge charge had had atom the they He negative a,"He learned they had a negative charge, and the rest of the atom had a positive charge.",simplewiki,CC BY-SA
A2,scramble,mostly atoms gold the that the of particles proved went empty Many are through foil space which,"Many of the particles went through the gold foil, which proved that atoms are mostly empty space.",simplewiki,CC BY-SA
A2,scramble,are did moving fast small not from they through the going Electrons block so that and particles,Electrons are so small and fast-moving that they did not block the particles from going through.,simplewiki,CC BY-SA
A2,scramble,cloud electron impossible the where it exactly is to know In are electrons,"In the electron cloud, it is impossible to know exactly where electrons are.",simplewiki,CC BY-SA
A2,scramble,s electron orbital This is the called area,This area is called the electron's orbital.,simplewiki,CC BY-SA
A2,scramble,The 1800 electron of times mass about an grams about smaller is,The mass of an electron is about 1800 times smaller (about grams).,simplewiki,CC BY-SA
A2,scramble,electrons believe made that they are smaller any particles Scientists elementary are pieces not of,Scientists believe that electrons are elementary particles: they are not made of any smaller pieces.,simplewiki,CC BY-SA
A2,scramble,nucleus of atom middle the is in The the,The nucleus is in the middle of the atom.,simplewiki,CC BY-SA
A2,scramble,the up atom The than makes of more nucleus mass 9 the 99 of,The nucleus makes up more than 99.9% of the mass of the atom.,simplewiki,CC BY-SA
A2,scramble,sends of form radiation beta decay or alpha It gamma in out the,"It sends out radiation in the form of alpha, beta, or gamma decay.",simplewiki,CC BY-SA
A2,scramble,energy converted by stated famous be can 2 Einstein formula mc E This to s mass as,"This energy can be converted to mass, as stated by Einstein's famous formula ""E"" = ""mc""2.",simplewiki,CC BY-SA
A2,scramble,so and atoms fission through low willing Very have or are go energy very small binding they most fusion to large,"Very small and very large atoms have low binding energy, so they are most willing to go through fission or fusion.",simplewiki,CC BY-SA
A2,scramble,orbit travel Electrons around nucleus or the,"Electrons orbit, or travel around, the nucleus.",simplewiki,CC BY-SA
A2,scramble,the called electron are cloud They atom s,"They are called the atom's ""electron cloud"".",simplewiki,CC BY-SA
A2,scramble,are of electromagnetic the They to because force the nucleus attracted,They are attracted to the nucleus because of the electromagnetic force.,simplewiki,CC BY-SA
A2,scramble,have a attract a nucleus charge always has charge other the each Electrons negative positive and they so,"Electrons have a negative charge, and the nucleus always has a positive charge, so they attract each other.",simplewiki,CC BY-SA
A2,scramble,in can outer shell the Only electrons the make chemical bonds,Only the electrons in the outer shell can make chemical bonds.,simplewiki,CC BY-SA
A2,scramble,complete has to one electrons two it only an atom needs be If shell,"If an atom has only one shell, it needs two electrons to be complete.",simplewiki,CC BY-SA
A2,scramble,outer to electrons complete the be eight needs Otherwise shell,"Otherwise, the outer shell needs eight electrons to be complete.",simplewiki,CC BY-SA
A2,scramble,energy a each amount of certain electrons have shell in The,The electrons in each shell have a certain amount of energy.,simplewiki,CC BY-SA
A2,scramble,Shells nucleus the from energy more have are that farther,Shells that are farther from the nucleus have more energy.,simplewiki,CC BY-SA
A2,scramble,photon called shell a When the a of small can a jump into energy energy electron electron burst an higher hits,"When a small burst of energy called a photon hits an electron, the electron can jump into a ""higher-energy"" shell.",simplewiki,CC BY-SA
A2,scramble,certain absorption colors light of atom of So each the will spectrum called absorb kind,"So each kind of atom will absorb certain colors of light, called the absorption spectrum.",simplewiki,CC BY-SA
A2,scramble,will of For only atom the out light reason same the called colors the spectrum send certain emission,"For the same reason, the atom will only send out certain colors of light, called the emission spectrum.",simplewiki,CC BY-SA
A2,scramble,do move Unlike around the a moving not Earth circle electrons Sun in the,"Unlike the Earth moving around the Sun, electrons do not move in a circle.",simplewiki,CC BY-SA
A2,scramble,cannot the an place of know We exact electron,We cannot know the exact place of an electron.,simplewiki,CC BY-SA
A2,scramble,of part describes an Each to is is likely which where it electron orbital be,"Each electron is part of an ""orbital"", which describes where it is likely to be.",simplewiki,CC BY-SA
A2,scramble,one electrons be different No two in can two more than these spin orbital have electrons,"No more than two electrons can be in one orbital; these two electrons have different ""spin"".",simplewiki,CC BY-SA
A2,scramble,directions different or have shapes in These different point,"These have different shapes, or point in different directions.",simplewiki,CC BY-SA
A2,scramble,numbers by quantum described be its three orbital can Each,"Each orbital can be described by its three ""quantum numbers"".",simplewiki,CC BY-SA
A2,scramble,electron number the The number shell principal is quantum,"The ""principal quantum number"" is the electron shell number.",simplewiki,CC BY-SA
A2,scramble,of number Atoms the same element the same have atomic,Atoms of the same element have the same atomic number.,simplewiki,CC BY-SA
A2,scramble,on organized are elements periodic table These the,These elements are organized on the periodic table.,simplewiki,CC BY-SA
A2,scramble,The mass its an of called atom atomic exact mass is,"The exact mass of an atom is called its ""atomic mass"".",simplewiki,CC BY-SA
A2,scramble,called is mass atoms a particular weight of of average atomic its all element The,"The average mass of all atoms of a particular element is called its ""atomic weight"".",simplewiki,CC BY-SA
A2,scramble,electron size of an of cloud size depends atom its The the on,The size of an atom depends on the size of its electron cloud.,simplewiki,CC BY-SA
A2,scramble,electron table periodic added more the down Moving are shells,"Moving down the periodic table, more electron shells are added.",simplewiki,CC BY-SA
A2,scramble,atoms strongly nucleus This more so positive more pulls electrons get smaller,"This more positive nucleus pulls electrons more strongly, so atoms get smaller.",simplewiki,CC BY-SA
A2,scramble,apart When they far each other atoms are attract,"When atoms are far apart, they attract each other.",simplewiki,CC BY-SA
A2,scramble,than stronger of for others is some kinds This attraction atoms,This attraction is stronger for some kinds of atoms than others.,simplewiki,CC BY-SA
A2,scramble,will amount If the solid enough is form relative heat strong of the a attraction to atoms,"If the attraction is strong enough, relative to the amount of heat, atoms will form a solid.",simplewiki,CC BY-SA
A2,scramble,gas liquid will a if and they they the it even weaker form will attraction is is weaker If form a,"If the attraction is weaker, they will form a liquid, and if it is even weaker, they will form a gas.",simplewiki,CC BY-SA
A2,scramble,atoms bonds attraction Chemical strongest of the between kinds are,Chemical bonds are the strongest kinds of attraction between atoms.,simplewiki,CC BY-SA
A2,scramble,chemical bonds electrons explains of The all movement,The movement of electrons explains all chemical bonds.,simplewiki,CC BY-SA
A2,scramble,full most shell empty The outer have reactive almost almost an elements or,The most reactive elements have an almost full or almost empty outer shell.,simplewiki,CC BY-SA
A2,scramble,a gases called shell form bonds Atoms noble with do full not outer usually,"Atoms with a full outer shell, called noble gases, do not usually form bonds.",simplewiki,CC BY-SA
A2,scramble,are chemical These weaker bonds forces than,These forces are weaker than chemical bonds.,simplewiki,CC BY-SA
A2,scramble,an caused side atom when one move They electrons of to are,They are caused when electrons move to one side of an atom.,simplewiki,CC BY-SA
A2,scramble,up positive atoms negative attract sides and their When with charges they line two will,"When two atoms line up their sides with negative and positive charges, they will attract.",simplewiki,CC BY-SA
A2,scramble,they atoms are other each mostly cannot Although empty pass space through,"Although atoms are mostly empty space, they cannot pass through each other.",simplewiki,CC BY-SA
A2,scramble,a magnet Any north a strength pole has and south certain and,"Any magnet has a north and south pole, and a certain strength.",simplewiki,CC BY-SA
A2,scramble,its moment a magnetic The together direction magnet are strength and of called,"The direction and strength of a magnet, together, are called its magnetic moment.",simplewiki,CC BY-SA
A2,scramble,electron has also moment tiny a magnetic magnet Every a like,"Every electron also has a magnetic moment, like a tiny magnet.",simplewiki,CC BY-SA
A2,scramble,spin s around its the electron comes from This nucleus orbit and the,This comes from the electron's spin and its orbit around the nucleus.,simplewiki,CC BY-SA
A2,scramble,The for up magnetic add magnetic the to a moments the whole for electrons moment atom,The magnetic moments for the electrons add up to a magnetic moment for the whole atom.,simplewiki,CC BY-SA
A2,scramble,atoms magnetic This us tells act field a how in,This tells us how atoms act in a magnetic field.,simplewiki,CC BY-SA
A2,scramble,two of has one opposite Every spins electron,Every electron has one of two opposite spins.,simplewiki,CC BY-SA
A2,scramble,to When excess mass particles has it is unstable nucleus of a eliminate the,"When a nucleus is unstable, it has to eliminate the excess mass of particles.",simplewiki,CC BY-SA
A2,scramble,this that called An atom does is radioactive,"An atom that does this is called ""radioactive"".",simplewiki,CC BY-SA
A2,scramble,beta alpha kinds are gamma decay main of radioactive There and three,"There are three main kinds of radioactive decay: alpha, beta, and gamma.",simplewiki,CC BY-SA
A2,scramble,decay to that of a This type it into is how different atoms or takes any long isotope sample of element half of,This is how long it takes half of any sample of atoms of that type to decay into a different isotope or element.,simplewiki,CC BY-SA
A2,scramble,all in atoms 90 today Universe of about the hydrogen Even are,"Even today, about 90% of all atoms in the Universe are hydrogen.",simplewiki,CC BY-SA
A2,scramble,cosmic hit from that in from nuclear come rays other atoms All sometimes or stars atoms fusion,"All other atoms come from nuclear fusion in stars, or sometimes from cosmic rays that hit atoms.",simplewiki,CC BY-SA
A2,scramble,stars the pressure make the Sun are atoms too and temperature to larger low In like,"In stars like the Sun, the temperature and pressure are too low to make larger atoms.",simplewiki,CC BY-SA
A2,scramble,iron atomic nickel until atomic they 26 fusion number But stars continue or massive create more 28 number,"But more massive stars continue fusion, until they create iron (atomic number 26) or nickel (atomic number 28).",simplewiki,CC BY-SA
A2,scramble,atoms by star on the before Earth existed Sun Most were made that a,Most atoms on Earth were made by a star that existed before the Sun.,simplewiki,CC BY-SA
A2,scramble,However very quickly decay these often atoms,"However, these atoms often decay very quickly.",simplewiki,CC BY-SA
A2,scramble,be atoms future may in Even larger created the,Even larger atoms may be created in the future.,simplewiki,CC BY-SA
A2,scramble,Astronomy the is scientific of celestial bodies study,Astronomy is the scientific study of celestial bodies.,simplewiki,CC BY-SA
A2,scramble,of oldest the is sciences Astronomy one,Astronomy is one of the oldest sciences.,simplewiki,CC BY-SA
A2,scramble,may lives a and planets belief the not the astrology of as same stars motion is human the affect that the Astronomy,"Astronomy is not the same as ""astrology"", a belief that the motion of the stars and the planets may affect human lives.",simplewiki,CC BY-SA
A2,scramble,Theoretical what explains astronomy see we,Theoretical astronomy explains what we see.,simplewiki,CC BY-SA
A2,scramble,Observations whether show the predictions work,Observations show whether the predictions work.,simplewiki,CC BY-SA
A2,scramble,the was the many motions important issue of years planets most For,For many years the most important issue was the motions of planets.,simplewiki,CC BY-SA
A2,scramble,but is harmful be could time possible astronomy Day,Day-time astronomy is possible but could be harmful.,simplewiki,CC BY-SA
A2,scramble,observing The and describes light all directly is our of Sun dangerous a biggest is star big as better,"The Sun, is our biggest star, better describes as a big all of light and observing directly is dangerous.",simplewiki,CC BY-SA
A2,scramble,proper the you shields Sun need look equipment and at To,To look at the Sun you need proper shields and equipment.,simplewiki,CC BY-SA
A2,scramble,in after saw 1920 astronomy 20th important changes century The,The 20th century after 1920 saw important changes in astronomy.,simplewiki,CC BY-SA
A2,scramble,parts the made with spectrum were As other new of discoveries,"As with other parts of the spectrum, new discoveries were made.",simplewiki,CC BY-SA
A2,scramble,two Discoveries bodies and broadly in types phenomena come,Discoveries broadly come in two types: bodies and phenomena.,simplewiki,CC BY-SA
A2,scramble,in change those sudden that heavens where a events is there disappears are Burst the quickly,Burst events are those where there is a sudden change in the heavens that disappears quickly.,simplewiki,CC BY-SA
A2,scramble,with producing a are normally are bursts associated called because explosions they large energy of burst These,"These are called bursts because they are normally associated with large explosions producing a ""burst"" of energy.",simplewiki,CC BY-SA
A2,scramble,are a in They way those regularly happen Periodic repetitive include events that,They include: Periodic events are those that happen regularly in a repetitive way.,simplewiki,CC BY-SA
A2,scramble,time that ago happened to tend a phenomena to include Noise phenomena Periodic relate long things,Periodic phenomena include: Noise phenomena tend to relate to things that happened a long time ago.,simplewiki,CC BY-SA
A2,scramble,source a and distant gets from or camera a normally eye Light reaches a by human a measured sensor,"Light from a distant source reaches a sensor and gets measured, normally by a human eye or a camera.",simplewiki,CC BY-SA
A2,scramble,mirror see it the lens at to something changing better means while looking shape Adaptive of or optics the,"Adaptive optics means changing the shape of the mirror or lens while looking at something, to see it better.",simplewiki,CC BY-SA
A2,scramble,an the fields of astronomy section This overview of important provide attempts to,This section attempts to provide an overview of the important fields of astronomy.,simplewiki,CC BY-SA
A2,scramble,of the Sun Solar is astronomy the study,Solar astronomy is the study of the Sun.,simplewiki,CC BY-SA
A2,scramble,and formed how can Sun other Observing are understand us the stars help work,Observing the Sun can help us understand how other stars work and are formed.,simplewiki,CC BY-SA
A2,scramble,that the has electromagnetic far spectrum So all been done has astronomy used,"So far, all astronomy that has been done has used the electromagnetic spectrum.",simplewiki,CC BY-SA
A2,scramble,and buildings Architecture is process the structures designing of,Architecture is the process of designing structures and buildings.,simplewiki,CC BY-SA
A2,scramble,and roads tunnels Examples office houses hotels include buildings bridges churches,"Examples include houses, churches, hotels, office buildings, roads, tunnels and bridges.",simplewiki,CC BY-SA
A2,scramble,education higher were there There before was architects long,There were architects long before there was higher education.,simplewiki,CC BY-SA
A2,scramble,established to being apprentice an an learnt They architect by,They learnt by being an apprentice to an established architect.,simplewiki,CC BY-SA
A2,scramble,made what Ancient we Classical Romans call The Architecture now Greeks and,"The Ancient Greeks and Romans made what we now call ""Classical Architecture"".",simplewiki,CC BY-SA
A2,scramble,used It and proportion which balance shapes means used it symmetry really between,"It used symmetry, which really means balance, and it used proportion between shapes.",simplewiki,CC BY-SA
A2,scramble,India world carving palaces like In parts famous some the stone of temples and on is the the for architecture,"In some parts of the world, like India, the architecture is famous for carving the stone on temples and palaces.",simplewiki,CC BY-SA
A2,scramble,Southeast Japan South in Central and America China Different Africa and occur Mexico architectural Asia styles,"Different architectural styles occur in China, Japan, Southeast Asia, Africa, Mexico, and Central and South America.",simplewiki,CC BY-SA
A2,scramble,added to own ideas of past the the their Classical Architecture People decoration and,People added their own ideas and decoration to the Classical Architecture of the past.,simplewiki,CC BY-SA
A2,scramble,brought return The classical a ideas to Renaissance,The Renaissance brought a return to classical ideas.,simplewiki,CC BY-SA
A2,scramble,after and were mills this Many factories during or revolution built,"Many factories and mills were built during, or after this revolution.",simplewiki,CC BY-SA
A2,scramble,Buildings now taller can than before ever built be,Buildings can now be built taller than ever before.,simplewiki,CC BY-SA
A2,scramble,glass brought for buildings especially strong transparent Cheap soon office walls exterior,"Cheap, strong glass soon brought transparent exterior walls, especially for office buildings.",simplewiki,CC BY-SA
A2,scramble,Anatomy of the is of animals the bodies people and study other,Anatomy is the study of the bodies of people and other animals.,simplewiki,CC BY-SA
A2,scramble,study outside body the the Anatomy is the of body and the inside of,Anatomy is the study of the inside of the body and outside the body.,simplewiki,CC BY-SA
A2,scramble,parts body to enough of Gross that are the big anatomy studies see,Gross anatomy studies parts of the body that are big enough to see.,simplewiki,CC BY-SA
A2,scramble,a in name asteroid ancient means language the Greek star The like,"The name ""asteroid"" means ""like a star"" in the ancient Greek language.",simplewiki,CC BY-SA
A2,scramble,capsule sample and with landed the in the in sample The was space taken in States United 2020 2023,"The sample was taken in 2020, and the space capsule with sample, landed in the United States in 2023.",simplewiki,CC BY-SA
A2,scramble,1850s had planet been Minor 1 found by they with Ceres so In a many were designation starting that numbered the,"In the 1850s, so many had been found that they were numbered by a Minor planet designation starting with 1 Ceres.",simplewiki,CC BY-SA
A2,scramble,purposes impact prediction their of one is Asteroid,Asteroid impact prediction is one of their purposes.,simplewiki,CC BY-SA
A2,scramble,3 had to people Iran refugees the who There country Afghan Pakistan are million leave and about in,There are about 3 million Afghan refugees (people who had to leave the country) in Pakistan and Iran.,simplewiki,CC BY-SA
A2,scramble,The according GDP of kind does growth growth called is 2024 economy that org April to Worldbank that have as not,"The economy does not have growth (as April 2024), of that kind that is called GDP growth, according to Worldbank.org.",simplewiki,CC BY-SA
A2,scramble,and a summers hot has with continental winters cold Afghanistan climate,Afghanistan has a continental climate with hot summers and cold winters.,simplewiki,CC BY-SA
A2,scramble,through people Many of or the invaded moved land have Afghanistan,Many people have moved through or invaded the land of Afghanistan.,simplewiki,CC BY-SA
A2,scramble,are with the written They Arabic usually alphabet,They are usually written with the Arabic alphabet.,simplewiki,CC BY-SA
A2,scramble,area to many the of Because empire have tried builders this rule over,"Because of this, many empire builders have tried to rule over the area.",simplewiki,CC BY-SA
A2,scramble,in They Taliban the 2001 destroyed were by,They were destroyed by the Taliban in 2001.,simplewiki,CC BY-SA
A2,scramble,that the un statues Taliban they to were a right and had The ancient destroy believe Islamic that them,The Taliban believe that the ancient statues were un-Islamic and that they had a right to destroy them.,simplewiki,CC BY-SA
A2,scramble,the new the in 7th spreading slowly and Arabs century began Islam religion introduced,Arabs introduced Islam in the 7th century and slowly began spreading the new religion.,simplewiki,CC BY-SA
A2,scramble,prosperity Afghanistan Under enjoyed peace rule and their,Under their rule Afghanistan enjoyed peace and prosperity.,simplewiki,CC BY-SA
A2,scramble,of 1926 a constitutional Afghanistan The established monarchy Kingdom in was,The Kingdom of Afghanistan was a constitutional monarchy established in 1926.,simplewiki,CC BY-SA
A2,scramble,diplomatic non alignment policy It of pursued a,It pursued a diplomatic policy of non-alignment.,simplewiki,CC BY-SA
A2,scramble,king overthrow crises of 1973 In political led the the to,"In 1973, political crises led to the overthrow of the king.",simplewiki,CC BY-SA
A2,scramble,The country new s and a ended the made Afghanistan republic monarchy leader,The country's new leader ended the monarchy and made Afghanistan a republic.,simplewiki,CC BY-SA
A2,scramble,the situation Soviets and Afghanistan 1979 advantage invaded took The December in of,The Soviets took advantage of the situation and invaded Afghanistan in December 1979.,simplewiki,CC BY-SA
A2,scramble,were the million over war one killed civilians long In Afghan,"In the long war, over one million Afghan civilians were killed.",simplewiki,CC BY-SA
A2,scramble,of Army last the troops its the 1989 withdrew Soviet In,In 1989 the Soviet Army withdrew the last of its troops.,simplewiki,CC BY-SA
A2,scramble,very Islamic end the conservative attempt in group emerged Taliban known A the as civil to war an,A very conservative Islamic group known as the Taliban emerged in an attempt to end the civil war.,simplewiki,CC BY-SA
A2,scramble,Afghanistan over late 1990s By 95 control had Taliban of the gained the,By the late 1990s the Taliban had gained control over 95% of Afghanistan.,simplewiki,CC BY-SA
A2,scramble,their Taliban law of Islamic according The to version strict Afghanistan ruled,The Taliban ruled Afghanistan according to their strict version of Islamic law.,simplewiki,CC BY-SA
A2,scramble,the completely addition restricted In of the women rights Taliban,"In addition, the Taliban completely restricted the rights of women.",simplewiki,CC BY-SA
A2,scramble,government of recognize countries Because to such Taliban the refused most policies,"Because of such policies, most countries refused to recognize the Taliban government.",simplewiki,CC BY-SA
A2,scramble,accepted and United Arabia as Saudi the government Pakistan Emirates them Only the Arab official,"Only Pakistan, Saudi Arabia and the United Arab Emirates accepted them as the official government.",simplewiki,CC BY-SA
A2,scramble,Taliban States United to over hand the him refused to The,The Taliban refused to hand him over to the United States.,simplewiki,CC BY-SA
A2,scramble,the a 2001 States United October its In against Qaeda al response campaign launched and allies in bombing,"In response, the United States and its allies launched a bombing campaign against al-Qaeda in October 2001.",simplewiki,CC BY-SA
A2,scramble,Pakistan gone Taliban neighboring Afghanistan have into fighters from,Taliban fighters have gone into Afghanistan from neighboring Pakistan.,simplewiki,CC BY-SA
A2,scramble,military Afghanistan including began its rebuilding and government NATO institutions,"NATO began rebuilding Afghanistan, including its military and government institutions.",simplewiki,CC BY-SA
A2,scramble,politicians women is Many mayor a work one as some while least ministers at Afghan are,"Many Afghan women work as politicians, some are ministers while at least one is a mayor.",simplewiki,CC BY-SA
A2,scramble,the Republican in Another the rebellion armed Afghanistan Afghan of is conflict part,"Another part of the Afghan conflict, is the Republican armed rebellion in Afghanistan.",simplewiki,CC BY-SA
A2,scramble,top remains International Transparency in the list corrupt According most to countries Afghanistan,"According to Transparency International, Afghanistan remains in the top most corrupt countries list.",simplewiki,CC BY-SA
A2,scramble,touches border Ocean Atlantic west the Its,Its west border touches the Atlantic Ocean.,simplewiki,CC BY-SA
A2,scramble,May dry April to to hot It November October has rainy seasons two and,It has two seasons; dry (May to October) and hot rainy (November to April).,simplewiki,CC BY-SA
A2,scramble,South Republic is the Argentina America in Argentine a officially country,"Argentina, officially the Argentine Republic, is a country in South America.",simplewiki,CC BY-SA
A2,scramble,largest eastern Buenos Argentina Argentina is the Aires capital the one of also cities of the In is it in world,"In eastern Argentina is Buenos Aires, the capital of Argentina, it is also one of the largest cities in the world.",simplewiki,CC BY-SA
A2,scramble,from Europe citizens of immigrants descendants Argentine Republic Most of the are,Most citizens of the Argentine Republic are descendants of immigrants from Europe.,simplewiki,CC BY-SA
A2,scramble,are and united They by ethnicity necessarily citizenship not by,They are united by citizenship and not necessarily by ethnicity.,simplewiki,CC BY-SA
A2,scramble,largest order and Argentina Brazil are countries Canada the the that Americas and North in South In US,"In the Americas (South and North), Canada, US, Brazil and Argentina are the largest countries (in that order).",simplewiki,CC BY-SA
A2,scramble,declared and José War in 1818 Martín it by a achieved independent in Argentina Spain in led 1816 from San de,"Argentina declared independent from Spain in 1816, and achieved it in a War led by José de San Martín in 1818.",simplewiki,CC BY-SA
A2,scramble,not Juan came where power country infamous following were the Peron In s decade the the stable to 1940s politics,"In the 1940s, following the ""infamous decade"" where the country's politics were not stable, Juan Peron came to power.",simplewiki,CC BY-SA
A2,scramble,to returned spending in the in he exile years 1970s power After,After spending years in exile he returned to power in the 1970s.,simplewiki,CC BY-SA
A2,scramble,River English to been was the of translated though as River translated Plate and Silver have incorrectly should,"River Plate was incorrectly translated though, and should have been translated to English as River of (the) Silver.",simplewiki,CC BY-SA
A2,scramble,soccer Aires Buenos River is famous team Plate a also,River Plate is also a famous Buenos Aires soccer team.,simplewiki,CC BY-SA
A2,scramble,players has ranked highly number a of Polo Argentina,Argentina has a number of highly ranked Polo players.,simplewiki,CC BY-SA
A2,scramble,city of capital Vienna the of Holy The the Roman was Austrian Empire,The capital of the Holy Roman Empire was the Austrian city of Vienna.,simplewiki,CC BY-SA
A2,scramble,Francis Austria became Emperor new the which Empire the became II of Former Roman later Hungary Emperor Holy Austrian,"Former Holy Roman Emperor Francis II became the Emperor of the new Austrian Empire, which later became Austria-Hungary.",simplewiki,CC BY-SA
A2,scramble,declared I this and to Hungary led on Serbia Austria war World War,Austria-Hungary declared war on Serbia and this led to World War I.,simplewiki,CC BY-SA
A2,scramble,deported more many 5 slaughtered and people were 1 million Around,Around 1.5 million people were slaughtered and many more deported.,simplewiki,CC BY-SA
A2,scramble,to the Armenia led establishment the of Republic of First This,This led to the establishment of the First Republic of Armenia.,simplewiki,CC BY-SA
A2,scramble,Union during of Armenia Republic the Soviet modern became the 1991 independent dissolution of in The,The modern Republic of Armenia became independent in 1991 during the dissolution of the Soviet Union.,simplewiki,CC BY-SA
A2,scramble,49 includes rural As 866 considered update Armenia communities of which urban of 2007 considered are are and 915,"As of 2007[ [update]], Armenia includes 915 communities, of which 49 are considered urban and 866 are considered rural.",simplewiki,CC BY-SA
A2,scramble,get places settlements buried and groups buildings old lived As grow people where in change,"As settlements (places where people lived in groups) change and grow, old buildings get buried.",simplewiki,CC BY-SA
A2,scramble,get it because will bury and will water quickly It wind covered plants rather,"It will get covered rather quickly, because wind, water and plants will bury it.",simplewiki,CC BY-SA
A2,scramble,of are archaeology different doing many ways There,There are many different ways of doing archaeology.,simplewiki,CC BY-SA
A2,scramble,seas lakes Archaeology and done underwater usually is to oceans relating,"Archaeology relating to oceans, seas and lakes is usually done underwater.",simplewiki,CC BY-SA
A2,scramble,this of a is part archaeology Maritime subdivision,"""Maritime archaeology"" is a part of this subdivision.",simplewiki,CC BY-SA
A2,scramble,patch and objects ice called is these recovery of archaeology The study,"The recovery and study of these objects is called ""ice-patch archaeology"".",simplewiki,CC BY-SA
A2,scramble,feathers bones study and teeth includes This well as the of parts interpretation as their other body,"This includes the study of bones, feathers, teeth and other body parts as well as their interpretation.",simplewiki,CC BY-SA
A2,scramble,and work Moon do on example For the people on archaeological satellites,"For example, people do archaeological work on satellites and on the Moon.",simplewiki,CC BY-SA
A2,scramble,foundations new are found Sometimes sites buildings when are dug archaeological for,Sometimes archaeological sites are found when foundations are dug for new buildings.,simplewiki,CC BY-SA
A2,scramble,them are Usually or they eat parasites,"Usually, they eat them or are parasites.",simplewiki,CC BY-SA
A2,scramble,in Animals dioxide give take oxygen carbon out and,"Animals take in oxygen, and give out carbon dioxide.",simplewiki,CC BY-SA
A2,scramble,measure is changes velocity Acceleration how fast a of,Acceleration is a measure of how fast velocity changes.,simplewiki,CC BY-SA
A2,scramble,Acceleration by time velocity the of divided the change is of change,Acceleration is the change of velocity divided by the change of time.,simplewiki,CC BY-SA
A2,scramble,includes and a direction therefore vector both Acceleration a a is size and,"Acceleration is a vector, and therefore includes both a size and a direction.",simplewiki,CC BY-SA
A2,scramble,in speed Acceleration and is a direction also change,Acceleration is also a change in speed and direction.,simplewiki,CC BY-SA
A2,scramble,the Acceleration of object an of the velocity rate change is of,Acceleration is the rate of change of the velocity of an object.,simplewiki,CC BY-SA
A2,scramble,Acceleration of measurement has its units,Acceleration has its units of measurement.,simplewiki,CC BY-SA
A2,scramble,can or be Acceleration negative positive,Acceleration can be positive or negative.,simplewiki,CC BY-SA
A2,scramble,are s motion of things for Newton rules move laws how,Newton's laws of motion are rules for how things move.,simplewiki,CC BY-SA
A2,scramble,laws first the who Newton wrote motion is down Isaac scientist the main of,Isaac Newton is the scientist who first wrote down the main laws of motion.,simplewiki,CC BY-SA
A2,scramble,is Great black Britain In sausage pudding blood called,"In Great Britain, blood sausage is called ""black pudding"".",simplewiki,CC BY-SA
A2,scramble,appointed assets of by to a s is court This is accountant professional bankrupt control take person the who the,"This is a professional accountant who is appointed by the court, to take control of the bankrupt person's assets.",simplewiki,CC BY-SA
A2,scramble,the the an it to is creditors pay cannot which liquidator court debts its Where may organisation appoint ask a,"Where it is an organisation which cannot pay its debts, the creditors may ask the court to appoint a ""liquidator"".",simplewiki,CC BY-SA
A2,scramble,bankruptcy get not does from a person discharged the do in same that way living Organisations,Organisations do not get discharged from bankruptcy in the same way that a living person does.,simplewiki,CC BY-SA
A2,scramble,the take discharge less to This debts their that agree to money creditors means,This means that the creditors agree to take less money to discharge their debts.,simplewiki,CC BY-SA
A2,scramble,chosen filed the court by When is a a bankruptcy is case trustee,"When a bankruptcy case is filed, a trustee is chosen by the court.",simplewiki,CC BY-SA
A2,scramble,paired they eggs with often US and are In pancakes the,"In the US, they are often paired with pancakes and eggs.",simplewiki,CC BY-SA
A2,scramble,and food diverse reflects This choices preferences towards changing consumer more healthier,This reflects changing consumer preferences towards healthier and more diverse food choices.,simplewiki,CC BY-SA
A2,scramble,can You it to Wikipedia by adding help,"You can help Wikipedia by [ adding to it]"".",simplewiki,CC BY-SA
A2,scramble,You adding can help to it by Wikipedia,"You can help Wikipedia by [ adding to it]"".",simplewiki,CC BY-SA
A2,scramble,in bees past usually been for has The honey and keeping is the of,"The keeping of bees is usually, and has been in the past, for honey.",simplewiki,CC BY-SA
A2,scramble,each There and hive in she rest queen is than only bee the one is bigger,There is only one queen bee in each hive and she is bigger than the rest.,simplewiki,CC BY-SA
A2,scramble,in hive the all all the her and sons eggs She makes other which lays daughters the bees,"She lays all the eggs, which makes all the other bees in the hive her daughters and sons.",simplewiki,CC BY-SA
A2,scramble,it Wikipedia You can by adding to help,"You can help Wikipedia by [ adding to it]"".",simplewiki,CC BY-SA
A2,scramble,English of that the spoken Kingdom is dialect United British is the in English,British English is the dialect of English that is spoken in the United Kingdom.,simplewiki,CC BY-SA
A2,scramble,All accents 20th in century became regional extreme the less,All regional accents became less extreme in the 20th century.,simplewiki,CC BY-SA
A2,scramble,would In English a be pier a or could wharf called be slip the water between dock the and American,"In American English, the ""pier"" or ""wharf"" could be called a ""dock"", and the water between would be a ""slip"".",simplewiki,CC BY-SA
A2,scramble,a The present be of word living means animal person to being tense Being is a part also or,"""Being is also a present tense part of to be"" The word being means a living person or animal.",simplewiki,CC BY-SA
A2,scramble,or angels devils spirits supernatural about gods Most religions God talk example beings for,"Most religions talk about supernatural beings, for example spirits, angels, devils, gods, or God.",simplewiki,CC BY-SA
A2,scramble,Wikipedia can You help it by to adding,"You can help Wikipedia by [ adding to it]"".",simplewiki,CC BY-SA
A2,scramble,was center in of BC millennium the Beijing 1st The settled,The center of Beijing was settled in the 1st millennium BC.,simplewiki,CC BY-SA
A2,scramble,capital 燕 those Yan days their up where is Kingdom Yān set today In of Beijing the,"In those days, the Kingdom of Yan (燕, Yān) set up their capital where Beijing is today.",simplewiki,CC BY-SA
A2,scramble,an destroyed it was was After city important the of although Kingdom became place smaller still the Yan,"After the Kingdom of Yan was destroyed, the city became smaller, although it was still an important place.",simplewiki,CC BY-SA
A2,scramble,there dynasty the in when important Jin again capital more its became the century 10th Beijing set,"Beijing became more important again in the 10th century, when the Jin dynasty set its capital there.",simplewiki,CC BY-SA
A2,scramble,adding You by to can it help Wikipedia,"You can help Wikipedia by [ adding to it]"".",simplewiki,CC BY-SA
A2,scramble,sometimes call distinguish false it berry true this from They to berries,"They sometimes call this ""true berry"", to distinguish it from ""false berries"".",simplewiki,CC BY-SA
A2,scramble,statement how tomatoes words of grapes are are By or that berries true used,"By that statement of how words are used, grapes or tomatoes are true berries.",simplewiki,CC BY-SA
A2,scramble,colored sweet small fruits are Berries bright,"Berries are small, sweet, bright colored fruits.",simplewiki,CC BY-SA
A2,scramble,berries use words berries above the are of English not that are Some by fruits true called in,"Some fruits that are called ""berries"" in English are not ""true berries"" by the use of words above.",simplewiki,CC BY-SA
A2,scramble,berries do in Some not their name have true berry,"Some true berries do not have ""berry"" in their name.",simplewiki,CC BY-SA
A2,scramble,types that berries these the But of usually of call not are we all fruit,But not all of these are the types of fruit that we usually call berries.,simplewiki,CC BY-SA
A2,scramble,adding help it Wikipedia to You by can,"You can help Wikipedia by [ adding to it]"".",simplewiki,CC BY-SA
A2,scramble,or cut so the part beard very get does long their men many it shave In their not all or world beards of modern,"In the modern world, many men shave part or all of their beards, or cut their beard so it does not get very long.",simplewiki,CC BY-SA
A2,scramble,can You help it adding by to Wikipedia,"You can help Wikipedia by [ adding to it]"".",simplewiki,CC BY-SA
A2,scramble,is the In light fully hits black would all object that absorb that it an science,"In science, an object that is fully black would absorb all the light that hits it.",simplewiki,CC BY-SA
A2,scramble,Mercedes class be color formal high black a It tie and can elegant black,"It can be a formal, elegant and high-class color (black tie, black Mercedes).",simplewiki,CC BY-SA
A2,scramble,Europe Asia of parts During North 1300s the and struck Africa this epidemic,"During the 1300s, this epidemic struck parts of Asia, North Africa, and Europe.",simplewiki,CC BY-SA
A2,scramble,in in charged various with by October 2003 US a organism FBI this crimes Butler expert the was,"Butler, a US expert in this organism was charged in October 2003 by the FBI with various crimes.",simplewiki,CC BY-SA
A2,scramble,with react Biology other and environment organisms each how studies the also,Biology also studies how organisms react with each other and the environment.,simplewiki,CC BY-SA
A2,scramble,capital is many of the NATO European home the Its Brussels Union organizations and including,"Its capital, Brussels, is the home of many organizations including the European Union and NATO.",simplewiki,CC BY-SA
A2,scramble,and is home is a headquarters Union of European its member the It founding to,It is a founding member of the European Union and is home to its headquarters.,simplewiki,CC BY-SA
A2,scramble,complex has government look Belgium after all with groups system highly regions a To of autonomous these,"To look after all these groups, Belgium has a complex system of government with highly autonomous regions.",simplewiki,CC BY-SA
A2,scramble,In state took deaths control of 1908 the colony the scandal Belgian about after the a,In 1908 the Belgian state took control of the colony after a scandal about the deaths.,simplewiki,CC BY-SA
A2,scramble,control The under was and Germany again 1940 in German 1944 country invaded by until,The country was again invaded by Germany in 1940 and under German control until 1944.,simplewiki,CC BY-SA
A2,scramble,a as member Belgium NATO joined founding,Belgium joined NATO as a founding member.,simplewiki,CC BY-SA
A2,scramble,Belgian under 1960 the Congo stopped In rule being Belgian,In 1960 the Belgian Congo stopped being under Belgian rule.,simplewiki,CC BY-SA
A2,scramble,next Germany the Netherlands Luxembourg and France is Belgium to,"Belgium is next to France, Germany, Luxembourg and the Netherlands.",simplewiki,CC BY-SA
A2,scramble,area square 143 area is sea total including Its kilometers 34,"Its total area is 34,143 square kilometers (including sea area).",simplewiki,CC BY-SA
A2,scramble,km² which 30 64 alone is The are coastal of 0 area land and or waters 689 inland 195 km²,"The land area alone is 30,689 km², of which 195 km² or 0.64% are inland and coastal waters.",simplewiki,CC BY-SA
A2,scramble,has Belgium regions three geographical main,Belgium has three main geographical regions.,simplewiki,CC BY-SA
A2,scramble,Belgian the The are plateau central of Anglo Basin part,The central plateau are part of the Anglo-Belgian Basin.,simplewiki,CC BY-SA
A2,scramble,a landscape Further slowly inland smooth is rising,"Further inland is a smooth, slowly rising landscape.",simplewiki,CC BY-SA
A2,scramble,valleys and caves small narrow They have,"They have caves and small, narrow valleys.",simplewiki,CC BY-SA
A2,scramble,not Brussels province is any of part Region,Brussels (Region) is not part of any province.,simplewiki,CC BY-SA
A2,scramble,has Belgium had own since its 1831 monarchy,Belgium has had its own monarchy since 1831.,simplewiki,CC BY-SA
A2,scramble,king left current the the Philippe Albert 21 July King on II and is 2013 throne,"King Albert II left the throne on July 21, 2013 and the current king is Philippe.",simplewiki,CC BY-SA
A2,scramble,Belgian 000 troops have Armed Forces about The 46 active,"The Belgian Armed Forces have about 46,000 active troops.",simplewiki,CC BY-SA
A2,scramble,defence was the billion budget 6 In 2009 yearly,In 2009 the yearly defence budget was $6 billion.,simplewiki,CC BY-SA
A2,scramble,additions many architecture painting and There been have to,There have been many additions to painting and architecture.,simplewiki,CC BY-SA
A2,scramble,Belgium architectural places belong of Several s examples to World major Heritage UNESCO List in,Several examples of major architectural places in Belgium belong to UNESCO's World Heritage List.,simplewiki,CC BY-SA
A2,scramble,were the in and architecture Belgian 19th to centuries also contributions 20th,Belgian contributions to architecture were also in the 19th and 20th centuries.,simplewiki,CC BY-SA
A2,scramble,fries French made in were Belgium first,French fries were first made in Belgium.,simplewiki,CC BY-SA
A2,scramble,of 1100 Belgium makes varieties over beer,Belgium makes over 1100 varieties of beer.,simplewiki,CC BY-SA
A2,scramble,history in goalkeeper soccer the Marie football Belgian Jean greatest former Pfaff be of is of said a to the one,"Jean-Marie Pfaff, a former Belgian goalkeeper, is said to be one of the greatest in the history of football (soccer).",simplewiki,CC BY-SA
A2,scramble,in European Belgium 2000 Football the hosted Championship and UEFA The Netherlands,Belgium and The Netherlands hosted the UEFA European Football Championship in 2000.,simplewiki,CC BY-SA
A2,scramble,1889 the coup country military a and II to leave had Pedro was there In,"In 1889, there was a military coup, and Pedro II had to leave the country.",simplewiki,CC BY-SA
A2,scramble,left or anti communist people and killed very It many imprisoned was they tortured on the,"It was very anti-communist and they imprisoned, tortured, or killed many people on the left.",simplewiki,CC BY-SA
A2,scramble,country next Chile to is South It except America Ecuador and in every,It is next to every country in South America except Chile and Ecuador.,simplewiki,CC BY-SA
A2,scramble,Nile 2nd world in is flows river it Amazon the after The River Brazil the through longest the,"The Amazon River flows through Brazil, it is the 2nd longest river in the world (after the Nile).",simplewiki,CC BY-SA
A2,scramble,understand should that be Scientists just the to world not ideas Robert used experiments like Boyle said,"Scientists like Robert Boyle said that experiments, not just ideas, should be used to understand the world.",simplewiki,CC BY-SA
A2,scramble,molecules materials chemistry on While for focuses and physics universal behave looks rules often specific how broad,"While physics looks for broad, universal rules, chemistry often focuses on how specific molecules and materials behave.",simplewiki,CC BY-SA
A2,scramble,Chemistry and environmental important engineering in materials astronomy making new also science is,"Chemistry is also important in environmental science, astronomy, engineering, and making new materials.",simplewiki,CC BY-SA
A2,scramble,It to digest and easier food taste better made,It made food taste better and easier to digest.,simplewiki,CC BY-SA
A2,scramble,wet to long then pots and them to tough make in them clay lasting learned and into bowls shape They fire bake also,"They also learned to shape wet clay into pots and bowls, then bake them in fire to make them tough and long-lasting.",simplewiki,CC BY-SA
A2,scramble,At grains probably fruit went sour by when happened accident it or first,"At first, it probably happened by accident when fruit or grains went sour.",simplewiki,CC BY-SA
A2,scramble,make early were As honey early fruit of 7000 BCE China kind as to rice people mixing drink in alcoholic and a,"As early as 7000 BCE, people in China were mixing rice, honey, and fruit to make a kind of early alcoholic drink.",simplewiki,CC BY-SA
A2,scramble,silver gold copper like Metals special very and became,"Metals like gold, silver, and copper became very special.",simplewiki,CC BY-SA
A2,scramble,not ceremonies so shiny and to used it did get dull was was Gold and beautiful show or also status for rust and rare,"Gold was rare, shiny and beautiful, and also did not get dull or rust, so it was used for ceremonies and to show status.",simplewiki,CC BY-SA
A2,scramble,easy and was shape everyday to Silver jewelry and shiny items was used it for so,"Silver was shiny and easy to shape, so it was used for jewelry and everyday items.",simplewiki,CC BY-SA
A2,scramble,metals trading mining People them and started purpose on these,People started mining these metals on purpose and trading them.,simplewiki,CC BY-SA
A2,scramble,the One make of copper tin bronze with to was mixing biggest discoveries,One of the biggest discoveries was mixing copper with tin to make bronze.,simplewiki,CC BY-SA
A2,scramble,made combining first material the This one a of substances was purpose on new times people by,This was one of the first times people made a new material on purpose by combining substances.,simplewiki,CC BY-SA
A2,scramble,professional weapons helped cities and tools grow and create build Bronze armies societies,"Bronze tools and weapons helped societies grow, build cities, and create professional armies.",simplewiki,CC BY-SA
A2,scramble,the substances civilization was Salt important most of in one chemical early,Salt was one of the most important chemical substances in early civilization.,simplewiki,CC BY-SA
A2,scramble,distances over useful salt very traded so was became was long it valuable Because and,"Because salt was so useful, it became very valuable and was traded over long distances.",simplewiki,CC BY-SA
A2,scramble,preserving chemistry making needs medicines like metal for tools and They used creating food everyday,"They used chemistry for everyday needs like making metal tools, preserving food, and creating medicines.",simplewiki,CC BY-SA
A2,scramble,They and copper metals lead jewelry like statues make to gold tools and used,"They used metals like gold, copper, and lead to make tools, jewelry, and statues.",simplewiki,CC BY-SA
A2,scramble,from their bright and infections help were sunlight eyes They protect to believed,They were believed to help protect their eyes from infections and bright sunlight.,simplewiki,CC BY-SA
